Start Time,Duration,Run ID,Name,Source Type,Source Name,User,Status,dataset,eps,features,k,min_samples,davies_bouldin_score,n-cluster,silhouette_score,algorithm
2024-06-25 17:41:42,66ms,3f20bce8b5874c838b65a76fc584ed8a,DBSCAN_eps=0.975_min_samples=58_n_clusters=4_scaled,LOCAL,/Users/felixwissel/miniconda3/lib/python3.12/site-packages/ipykernel_launcher.py,felixwissel,FINISHED,2024-06-25_17-30-54_unscaled_MinimalPreprocessing.csv,0.975,"Index(['ID', 'Year_Birth', 'Education', 'Marital_Status', 'Income', 'Kidhome',
       'Teenhome', 'Dt_Customer', 'Recency', 'MntWines', 'MntFruits',
       'MntMeatProducts', 'MntFishProducts', 'MntSweetProducts',
       'MntGoldProds', 'NumDealsPurchases', 'NumWebPurchases',
       'NumCatalogPurchases', 'NumStorePurchases', 'NumWebVisitsMonth',
       'AcceptedCmp3', 'AcceptedCmp4', 'AcceptedCmp5', 'AcceptedCmp1',
       'AcceptedCmp2', 'Complain', 'Z_CostContact', 'Z_Revenue', 'Response'],
      dtype='object')",,58,2.1984282154631964,4,0.15167583356184364,dbscan
2024-06-25 17:32:39,91ms,af4def966db24fa3ac4df71492be41c9,k_means k=4_scaled,LOCAL,/Users/felixwissel/miniconda3/lib/python3.12/site-packages/ipykernel_launcher.py,felixwissel,FINISHED,2024-06-25_17-30-54_unscaled_MinimalPreprocessing.csv,,"Index(['ID', 'Year_Birth', 'Education', 'Marital_Status', 'Income', 'Kidhome',
       'Teenhome', 'Dt_Customer', 'Recency', 'MntWines', 'MntFruits',
       'MntMeatProducts', 'MntFishProducts', 'MntSweetProducts',
       'MntGoldProds', 'NumDealsPurchases', 'NumWebPurchases',
       'NumCatalogPurchases', 'NumStorePurchases', 'NumWebVisitsMonth',
       'AcceptedCmp3', 'AcceptedCmp4', 'AcceptedCmp5', 'AcceptedCmp1',
       'AcceptedCmp2', 'Complain', 'Z_CostContact', 'Z_Revenue', 'Response'],
      dtype='object')",4,,2.2321561609132803,,0.12372937125037467,KMeans
2024-06-22 14:59:10,62ms,54b8a6b9860243c0aedda5be40d9b9eb,k_means k=4_scaled,LOCAL,/Users/felixwissel/miniconda3/lib/python3.12/site-packages/ipykernel_launcher.py,felixwissel,FINISHED,2024-06-22_14-52-21_unscaled_NoTotalSpent_ForVisualization.csv,,"Index(['ID', 'Income', 'Dt_Customer', 'Recency', 'MntWines', 'MntFruits',
       'MntMeatProducts', 'MntFishProducts', 'MntSweetProducts',
       'MntGoldProds', 'NumDealsPurchases', 'NumWebVisitsMonth', 'Complain',
       'Age', 'Marital_Categories', 'Edu_Categories', 'Living_Alone',
       'Having_Kids', 'AcceptedOffer', 'Total_Purchases'],
      dtype='object')",4,,1.7216251023313123,,0.1928503929706434,KMeans
2024-06-22 14:13:00,71ms,aa90570270dd4a479a582cc165d9adbe,k_means k=4_scaled,LOCAL,/Users/felixwissel/miniconda3/lib/python3.12/site-packages/ipykernel_launcher.py,felixwissel,FINISHED,2024-06-22_14-07-52_unscaled_NoTotalPurchases_ForVisualization.csv,,"Index(['ID', 'Income', 'Dt_Customer', 'Recency', 'MntWines', 'MntFruits',
       'MntMeatProducts', 'MntFishProducts', 'MntSweetProducts',
       'MntGoldProds', 'NumDealsPurchases', 'NumWebPurchases',
       'NumCatalogPurchases', 'NumStorePurchases', 'NumWebVisitsMonth',
       'Complain', 'Age', 'Marital_Categories', 'Edu_Categories',
       'Spent_Total', 'Living_Alone', 'Having_Kids', 'AcceptedOffer'],
      dtype='object')",4,,1.635684114506858,,0.20456624449998873,KMeans
2024-06-15 21:42:24,118ms,03e311983a9f4350b6e0730e05ec9a9d,DBSCAN_eps=1.2_min_samples=56_n_clusters=2_scaled,LOCAL,/Users/felixwissel/miniconda3/lib/python3.12/site-packages/ipykernel_launcher.py,felixwissel,FINISHED,2024-06-10_16-51-41_unscaled_#LivingAloneAsNum-HavingKids.csv,1.2,"Index(['ID', 'Income', 'Dt_Customer', 'Recency', 'MntWines', 'MntFruits',
       'MntMeatProducts', 'MntFishProducts', 'MntSweetProducts',
       'MntGoldProds', 'NumDealsPurchases', 'NumWebPurchases',
       'NumCatalogPurchases', 'NumStorePurchases', 'NumWebVisitsMonth',
       'AcceptedCmp3', 'AcceptedCmp4', 'AcceptedCmp5', 'AcceptedCmp1',
       'AcceptedCmp2', 'Complain', 'Response', 'Age', 'Marital_Categories',
       'Edu_Categories', 'Spent_Total', 'Living_Alone', 'AcceptedOffer'],
      dtype='object')",,56,1.7600212830720479,2,0.34841253592128285,dbscan
2024-06-15 21:42:24,64ms,4df3a8220d7f44dc9064fd3bbcaca22a,DBSCAN_eps=1.1_min_samples=56_n_clusters=2_scaled,LOCAL,/Users/felixwissel/miniconda3/lib/python3.12/site-packages/ipykernel_launcher.py,felixwissel,FINISHED,2024-06-10_16-51-41_unscaled_#LivingAloneAsNum-HavingKids.csv,1.1,"Index(['ID', 'Income', 'Dt_Customer', 'Recency', 'MntWines', 'MntFruits',
       'MntMeatProducts', 'MntFishProducts', 'MntSweetProducts',
       'MntGoldProds', 'NumDealsPurchases', 'NumWebPurchases',
       'NumCatalogPurchases', 'NumStorePurchases', 'NumWebVisitsMonth',
       'AcceptedCmp3', 'AcceptedCmp4', 'AcceptedCmp5', 'AcceptedCmp1',
       'AcceptedCmp2', 'Complain', 'Response', 'Age', 'Marital_Categories',
       'Edu_Categories', 'Spent_Total', 'Living_Alone', 'AcceptedOffer'],
      dtype='object')",,56,2.1722686501744604,2,0.2942774603768722,dbscan
2024-06-15 21:42:23,79ms,d6595dddf5944e26a7372698a164eae8,DBSCAN_eps=1.0_min_samples=56_n_clusters=3_scaled,LOCAL,/Users/felixwissel/miniconda3/lib/python3.12/site-packages/ipykernel_launcher.py,felixwissel,FINISHED,2024-06-10_16-51-41_unscaled_#LivingAloneAsNum-HavingKids.csv,1.0,"Index(['ID', 'Income', 'Dt_Customer', 'Recency', 'MntWines', 'MntFruits',
       'MntMeatProducts', 'MntFishProducts', 'MntSweetProducts',
       'MntGoldProds', 'NumDealsPurchases', 'NumWebPurchases',
       'NumCatalogPurchases', 'NumStorePurchases', 'NumWebVisitsMonth',
       'AcceptedCmp3', 'AcceptedCmp4', 'AcceptedCmp5', 'AcceptedCmp1',
       'AcceptedCmp2', 'Complain', 'Response', 'Age', 'Marital_Categories',
       'Edu_Categories', 'Spent_Total', 'Living_Alone', 'AcceptedOffer'],
      dtype='object')",,56,2.205855856324384,3,0.172270673491854,dbscan
2024-06-15 21:42:23,102ms,7b4df0e1fdb24528bba2b0ce2bdc7a6b,DBSCAN_eps=0.9_min_samples=56_n_clusters=3_scaled,LOCAL,/Users/felixwissel/miniconda3/lib/python3.12/site-packages/ipykernel_launcher.py,felixwissel,FINISHED,2024-06-10_16-51-41_unscaled_#LivingAloneAsNum-HavingKids.csv,0.9,"Index(['ID', 'Income', 'Dt_Customer', 'Recency', 'MntWines', 'MntFruits',
       'MntMeatProducts', 'MntFishProducts', 'MntSweetProducts',
       'MntGoldProds', 'NumDealsPurchases', 'NumWebPurchases',
       'NumCatalogPurchases', 'NumStorePurchases', 'NumWebVisitsMonth',
       'AcceptedCmp3', 'AcceptedCmp4', 'AcceptedCmp5', 'AcceptedCmp1',
       'AcceptedCmp2', 'Complain', 'Response', 'Age', 'Marital_Categories',
       'Edu_Categories', 'Spent_Total', 'Living_Alone', 'AcceptedOffer'],
      dtype='object')",,56,2.222499787747323,3,0.16891340868383428,dbscan
2024-06-15 21:41:29,64ms,54ca560ecf524af897d7eb58b8aee304,DBSCAN_eps=1.2_min_samples=46_n_clusters=3_scaled,LOCAL,/Users/felixwissel/miniconda3/lib/python3.12/site-packages/ipykernel_launcher.py,felixwissel,FINISHED,2024-06-10_17-05-09_unscaled_AcceptedOffers-ResponseETC.csv,1.2,"Index(['ID', 'Income', 'Dt_Customer', 'Recency', 'MntWines', 'MntFruits',
       'MntMeatProducts', 'MntFishProducts', 'MntSweetProducts',
       'MntGoldProds', 'NumDealsPurchases', 'NumWebPurchases',
       'NumCatalogPurchases', 'NumStorePurchases', 'NumWebVisitsMonth',
       'Complain', 'Age', 'Marital_Categories', 'Edu_Categories',
       'Spent_Total', 'Living_Alone', 'Having_Kids', 'AcceptedOffer'],
      dtype='object')",,46,1.7550394871043844,3,0.3325542809854863,dbscan
2024-06-15 21:41:28,64ms,c6ca4a3988734597bc48aef8998bafb1,DBSCAN_eps=1.1_min_samples=46_n_clusters=3_scaled,LOCAL,/Users/felixwissel/miniconda3/lib/python3.12/site-packages/ipykernel_launcher.py,felixwissel,FINISHED,2024-06-10_17-05-09_unscaled_AcceptedOffers-ResponseETC.csv,1.1,"Index(['ID', 'Income', 'Dt_Customer', 'Recency', 'MntWines', 'MntFruits',
       'MntMeatProducts', 'MntFishProducts', 'MntSweetProducts',
       'MntGoldProds', 'NumDealsPurchases', 'NumWebPurchases',
       'NumCatalogPurchases', 'NumStorePurchases', 'NumWebVisitsMonth',
       'Complain', 'Age', 'Marital_Categories', 'Edu_Categories',
       'Spent_Total', 'Living_Alone', 'Having_Kids', 'AcceptedOffer'],
      dtype='object')",,46,2.581516690030931,3,0.324578397329412,dbscan
2024-06-15 21:41:28,94ms,131d5bd5402e4631a05ae624c2db67d5,DBSCAN_eps=1.0_min_samples=46_n_clusters=5_scaled,LOCAL,/Users/felixwissel/miniconda3/lib/python3.12/site-packages/ipykernel_launcher.py,felixwissel,FINISHED,2024-06-10_17-05-09_unscaled_AcceptedOffers-ResponseETC.csv,1.0,"Index(['ID', 'Income', 'Dt_Customer', 'Recency', 'MntWines', 'MntFruits',
       'MntMeatProducts', 'MntFishProducts', 'MntSweetProducts',
       'MntGoldProds', 'NumDealsPurchases', 'NumWebPurchases',
       'NumCatalogPurchases', 'NumStorePurchases', 'NumWebVisitsMonth',
       'Complain', 'Age', 'Marital_Categories', 'Edu_Categories',
       'Spent_Total', 'Living_Alone', 'Having_Kids', 'AcceptedOffer'],
      dtype='object')",,46,2.094147094916219,5,0.2863050497368649,dbscan
2024-06-15 21:41:28,59ms,aebd675cd1324c3394bb64530dce3cf6,DBSCAN_eps=0.9_min_samples=46_n_clusters=5_scaled,LOCAL,/Users/felixwissel/miniconda3/lib/python3.12/site-packages/ipykernel_launcher.py,felixwissel,FINISHED,2024-06-10_17-05-09_unscaled_AcceptedOffers-ResponseETC.csv,0.9,"Index(['ID', 'Income', 'Dt_Customer', 'Recency', 'MntWines', 'MntFruits',
       'MntMeatProducts', 'MntFishProducts', 'MntSweetProducts',
       'MntGoldProds', 'NumDealsPurchases', 'NumWebPurchases',
       'NumCatalogPurchases', 'NumStorePurchases', 'NumWebVisitsMonth',
       'Complain', 'Age', 'Marital_Categories', 'Edu_Categories',
       'Spent_Total', 'Living_Alone', 'Having_Kids', 'AcceptedOffer'],
      dtype='object')",,46,2.405965605644554,5,0.2770010592951523,dbscan
2024-06-15 20:38:23,71ms,3cedfd7f2c654394961404195731c5e2,k_means k=6_scaled,LOCAL,/Users/felixwissel/miniconda3/lib/python3.12/site-packages/ipykernel_launcher.py,felixwissel,FINISHED,2024-06-15_17-29-01_unscaled_totalPuracheses-Purchasesweb-store-catalog.csv,,"Index(['ID', 'Income', 'Dt_Customer', 'Recency', 'MntWines', 'MntFruits',
       'MntMeatProducts', 'MntFishProducts', 'MntSweetProducts',
       'MntGoldProds', 'NumDealsPurchases', 'NumWebVisitsMonth', 'Complain',
       'Age', 'Marital_Categories', 'Edu_Categories', 'Spent_Total',
       'Living_Alone', 'Having_Kids', 'AcceptedOffer', 'Total_Purchases'],
      dtype='object')",6,,1.5343768145043002,,0.2568511755543299,KMeans
2024-06-15 20:38:23,65ms,677f679e807645eca5d2ab3d7c8a323c,k_means k=5_scaled,LOCAL,/Users/felixwissel/miniconda3/lib/python3.12/site-packages/ipykernel_launcher.py,felixwissel,FINISHED,2024-06-15_17-29-01_unscaled_totalPuracheses-Purchasesweb-store-catalog.csv,,"Index(['ID', 'Income', 'Dt_Customer', 'Recency', 'MntWines', 'MntFruits',
       'MntMeatProducts', 'MntFishProducts', 'MntSweetProducts',
       'MntGoldProds', 'NumDealsPurchases', 'NumWebVisitsMonth', 'Complain',
       'Age', 'Marital_Categories', 'Edu_Categories', 'Spent_Total',
       'Living_Alone', 'Having_Kids', 'AcceptedOffer', 'Total_Purchases'],
      dtype='object')",5,,1.4148827988011923,,0.2853074195269405,KMeans
2024-06-15 20:38:23,74ms,63d87f993f794458bf73455bc86a9dc3,k_means k=4_scaled,LOCAL,/Users/felixwissel/miniconda3/lib/python3.12/site-packages/ipykernel_launcher.py,felixwissel,FINISHED,2024-06-15_17-29-01_unscaled_totalPuracheses-Purchasesweb-store-catalog.csv,,"Index(['ID', 'Income', 'Dt_Customer', 'Recency', 'MntWines', 'MntFruits',
       'MntMeatProducts', 'MntFishProducts', 'MntSweetProducts',
       'MntGoldProds', 'NumDealsPurchases', 'NumWebVisitsMonth', 'Complain',
       'Age', 'Marital_Categories', 'Edu_Categories', 'Spent_Total',
       'Living_Alone', 'Having_Kids', 'AcceptedOffer', 'Total_Purchases'],
      dtype='object')",4,,1.346026871100544,,0.29835690487700967,KMeans
2024-06-15 20:22:39,88ms,eb34c5a7e57646fb86b65d2ae99e77ba,DBSCAN_eps=1.1_min_samples=42_n_clusters=3_scaled,LOCAL,/Users/felixwissel/miniconda3/lib/python3.12/site-packages/ipykernel_launcher.py,felixwissel,FINISHED,2024-06-15_17-29-01_unscaled_totalPuracheses-Purchasesweb-store-catalog.csv,1.1,"Index(['ID', 'Income', 'Dt_Customer', 'Recency', 'MntWines', 'MntFruits',
       'MntMeatProducts', 'MntFishProducts', 'MntSweetProducts',
       'MntGoldProds', 'NumDealsPurchases', 'NumWebVisitsMonth', 'Complain',
       'Age', 'Marital_Categories', 'Edu_Categories', 'Spent_Total',
       'Living_Alone', 'Having_Kids', 'AcceptedOffer', 'Total_Purchases'],
      dtype='object')",,42,2.2102221357475558,3,0.3161855390866114,dbscan
2024-06-15 20:22:39,78ms,2d15f61d3d934e068781feec78a687ab,DBSCAN_eps=1.0750000000000002_min_samples=42_n_clusters=3_scaled,LOCAL,/Users/felixwissel/miniconda3/lib/python3.12/site-packages/ipykernel_launcher.py,felixwissel,FINISHED,2024-06-15_17-29-01_unscaled_totalPuracheses-Purchasesweb-store-catalog.csv,1.0750000000000002,"Index(['ID', 'Income', 'Dt_Customer', 'Recency', 'MntWines', 'MntFruits',
       'MntMeatProducts', 'MntFishProducts', 'MntSweetProducts',
       'MntGoldProds', 'NumDealsPurchases', 'NumWebVisitsMonth', 'Complain',
       'Age', 'Marital_Categories', 'Edu_Categories', 'Spent_Total',
       'Living_Alone', 'Having_Kids', 'AcceptedOffer', 'Total_Purchases'],
      dtype='object')",,42,2.208508213069667,3,0.31543075802067516,dbscan
2024-06-15 20:22:39,75ms,ffcbf0ee80bd4e8ca3f0cee9d7b8ad57,DBSCAN_eps=1.0500000000000003_min_samples=42_n_clusters=3_scaled,LOCAL,/Users/felixwissel/miniconda3/lib/python3.12/site-packages/ipykernel_launcher.py,felixwissel,FINISHED,2024-06-15_17-29-01_unscaled_totalPuracheses-Purchasesweb-store-catalog.csv,1.0500000000000003,"Index(['ID', 'Income', 'Dt_Customer', 'Recency', 'MntWines', 'MntFruits',
       'MntMeatProducts', 'MntFishProducts', 'MntSweetProducts',
       'MntGoldProds', 'NumDealsPurchases', 'NumWebVisitsMonth', 'Complain',
       'Age', 'Marital_Categories', 'Edu_Categories', 'Spent_Total',
       'Living_Alone', 'Having_Kids', 'AcceptedOffer', 'Total_Purchases'],
      dtype='object')",,42,2.305880239464395,3,0.3001114915915323,dbscan
2024-06-15 20:22:39,105ms,3ce4e865dce7480192d989f9aa869fce,DBSCAN_eps=1.0250000000000001_min_samples=42_n_clusters=3_scaled,LOCAL,/Users/felixwissel/miniconda3/lib/python3.12/site-packages/ipykernel_launcher.py,felixwissel,FINISHED,2024-06-15_17-29-01_unscaled_totalPuracheses-Purchasesweb-store-catalog.csv,1.0250000000000001,"Index(['ID', 'Income', 'Dt_Customer', 'Recency', 'MntWines', 'MntFruits',
       'MntMeatProducts', 'MntFishProducts', 'MntSweetProducts',
       'MntGoldProds', 'NumDealsPurchases', 'NumWebVisitsMonth', 'Complain',
       'Age', 'Marital_Categories', 'Edu_Categories', 'Spent_Total',
       'Living_Alone', 'Having_Kids', 'AcceptedOffer', 'Total_Purchases'],
      dtype='object')",,42,2.3206466543900484,3,0.2786780366976833,dbscan
2024-06-15 20:22:38,76ms,e867115094f34537967cb30bbf5eb6b4,DBSCAN_eps=1.0_min_samples=42_n_clusters=5_scaled,LOCAL,/Users/felixwissel/miniconda3/lib/python3.12/site-packages/ipykernel_launcher.py,felixwissel,FINISHED,2024-06-15_17-29-01_unscaled_totalPuracheses-Purchasesweb-store-catalog.csv,1.0,"Index(['ID', 'Income', 'Dt_Customer', 'Recency', 'MntWines', 'MntFruits',
       'MntMeatProducts', 'MntFishProducts', 'MntSweetProducts',
       'MntGoldProds', 'NumDealsPurchases', 'NumWebVisitsMonth', 'Complain',
       'Age', 'Marital_Categories', 'Edu_Categories', 'Spent_Total',
       'Living_Alone', 'Having_Kids', 'AcceptedOffer', 'Total_Purchases'],
      dtype='object')",,42,1.8920280195424812,5,0.29597718075339335,dbscan
2024-06-15 20:22:38,55ms,1d14c8393f7543fcbe470472a5f2e9fc,DBSCAN_eps=0.9750000000000001_min_samples=42_n_clusters=5_scaled,LOCAL,/Users/felixwissel/miniconda3/lib/python3.12/site-packages/ipykernel_launcher.py,felixwissel,FINISHED,2024-06-15_17-29-01_unscaled_totalPuracheses-Purchasesweb-store-catalog.csv,0.9750000000000001,"Index(['ID', 'Income', 'Dt_Customer', 'Recency', 'MntWines', 'MntFruits',
       'MntMeatProducts', 'MntFishProducts', 'MntSweetProducts',
       'MntGoldProds', 'NumDealsPurchases', 'NumWebVisitsMonth', 'Complain',
       'Age', 'Marital_Categories', 'Edu_Categories', 'Spent_Total',
       'Living_Alone', 'Having_Kids', 'AcceptedOffer', 'Total_Purchases'],
      dtype='object')",,42,1.970543518418697,5,0.29544630987982023,dbscan
2024-06-15 20:22:38,70ms,41e23147bc3e4543866e9096a6cdb307,DBSCAN_eps=0.9500000000000001_min_samples=42_n_clusters=5_scaled,LOCAL,/Users/felixwissel/miniconda3/lib/python3.12/site-packages/ipykernel_launcher.py,felixwissel,FINISHED,2024-06-15_17-29-01_unscaled_totalPuracheses-Purchasesweb-store-catalog.csv,0.9500000000000001,"Index(['ID', 'Income', 'Dt_Customer', 'Recency', 'MntWines', 'MntFruits',
       'MntMeatProducts', 'MntFishProducts', 'MntSweetProducts',
       'MntGoldProds', 'NumDealsPurchases', 'NumWebVisitsMonth', 'Complain',
       'Age', 'Marital_Categories', 'Edu_Categories', 'Spent_Total',
       'Living_Alone', 'Having_Kids', 'AcceptedOffer', 'Total_Purchases'],
      dtype='object')",,42,2.075578045507458,5,0.29473414644274365,dbscan
2024-06-15 20:22:38,76ms,1afec4c03509434997c7b77f5963df9d,DBSCAN_eps=0.925_min_samples=42_n_clusters=5_scaled,LOCAL,/Users/felixwissel/miniconda3/lib/python3.12/site-packages/ipykernel_launcher.py,felixwissel,FINISHED,2024-06-15_17-29-01_unscaled_totalPuracheses-Purchasesweb-store-catalog.csv,0.925,"Index(['ID', 'Income', 'Dt_Customer', 'Recency', 'MntWines', 'MntFruits',
       'MntMeatProducts', 'MntFishProducts', 'MntSweetProducts',
       'MntGoldProds', 'NumDealsPurchases', 'NumWebVisitsMonth', 'Complain',
       'Age', 'Marital_Categories', 'Edu_Categories', 'Spent_Total',
       'Living_Alone', 'Having_Kids', 'AcceptedOffer', 'Total_Purchases'],
      dtype='object')",,42,2.2095970698409224,5,0.29310431384521973,dbscan
2024-06-15 20:22:38,65ms,a164b61a6c8a4b87918fdbc5886eee2d,DBSCAN_eps=0.9_min_samples=42_n_clusters=5_scaled,LOCAL,/Users/felixwissel/miniconda3/lib/python3.12/site-packages/ipykernel_launcher.py,felixwissel,FINISHED,2024-06-15_17-29-01_unscaled_totalPuracheses-Purchasesweb-store-catalog.csv,0.9,"Index(['ID', 'Income', 'Dt_Customer', 'Recency', 'MntWines', 'MntFruits',
       'MntMeatProducts', 'MntFishProducts', 'MntSweetProducts',
       'MntGoldProds', 'NumDealsPurchases', 'NumWebVisitsMonth', 'Complain',
       'Age', 'Marital_Categories', 'Edu_Categories', 'Spent_Total',
       'Living_Alone', 'Having_Kids', 'AcceptedOffer', 'Total_Purchases'],
      dtype='object')",,42,2.3113456766108293,5,0.29107155056780193,dbscan
2024-06-15 18:41:11,98ms,a14ab67181524cd09899332eb76c19e1,DBSCAN_eps=1.1_min_samples=48_n_clusters=3_scaled,LOCAL,/Users/felixwissel/miniconda3/lib/python3.12/site-packages/ipykernel_launcher.py,felixwissel,FINISHED,2024-06-15_17-44-28_unscaled_+Total_Purchases+Store+Catalog+Online.csv,1.1,"Index(['ID', 'Income', 'Dt_Customer', 'Recency', 'MntWines', 'MntFruits',
       'MntMeatProducts', 'MntFishProducts', 'MntSweetProducts',
       'MntGoldProds', 'NumDealsPurchases', 'NumWebPurchases',
       'NumCatalogPurchases', 'NumStorePurchases', 'NumWebVisitsMonth',
       'Complain', 'Age', 'Marital_Categories', 'Edu_Categories',
       'Spent_Total', 'Living_Alone', 'Having_Kids', 'AcceptedOffer',
       'Total_Purchases'],
      dtype='object')",,48,2.541403750215002,3,0.32045664164924115,dbscan
2024-06-15 18:41:11,95ms,5050c984d57a4faf9614d52228c07a98,DBSCAN_eps=1.0750000000000002_min_samples=48_n_clusters=3_scaled,LOCAL,/Users/felixwissel/miniconda3/lib/python3.12/site-packages/ipykernel_launcher.py,felixwissel,FINISHED,2024-06-15_17-44-28_unscaled_+Total_Purchases+Store+Catalog+Online.csv,1.0750000000000002,"Index(['ID', 'Income', 'Dt_Customer', 'Recency', 'MntWines', 'MntFruits',
       'MntMeatProducts', 'MntFishProducts', 'MntSweetProducts',
       'MntGoldProds', 'NumDealsPurchases', 'NumWebPurchases',
       'NumCatalogPurchases', 'NumStorePurchases', 'NumWebVisitsMonth',
       'Complain', 'Age', 'Marital_Categories', 'Edu_Categories',
       'Spent_Total', 'Living_Alone', 'Having_Kids', 'AcceptedOffer',
       'Total_Purchases'],
      dtype='object')",,48,2.706256230267036,3,0.30089032296084783,dbscan
2024-06-15 18:41:11,62ms,ab798ac1fdb74747b174bc96af5c01d3,DBSCAN_eps=1.0500000000000003_min_samples=48_n_clusters=3_scaled,LOCAL,/Users/felixwissel/miniconda3/lib/python3.12/site-packages/ipykernel_launcher.py,felixwissel,FINISHED,2024-06-15_17-44-28_unscaled_+Total_Purchases+Store+Catalog+Online.csv,1.0500000000000003,"Index(['ID', 'Income', 'Dt_Customer', 'Recency', 'MntWines', 'MntFruits',
       'MntMeatProducts', 'MntFishProducts', 'MntSweetProducts',
       'MntGoldProds', 'NumDealsPurchases', 'NumWebPurchases',
       'NumCatalogPurchases', 'NumStorePurchases', 'NumWebVisitsMonth',
       'Complain', 'Age', 'Marital_Categories', 'Edu_Categories',
       'Spent_Total', 'Living_Alone', 'Having_Kids', 'AcceptedOffer',
       'Total_Purchases'],
      dtype='object')",,48,2.790425392306202,3,0.2977161780263191,dbscan
2024-06-15 18:41:10,107ms,8fd97b20a9ea438b90617d35369738dc,DBSCAN_eps=1.0250000000000001_min_samples=48_n_clusters=3_scaled,LOCAL,/Users/felixwissel/miniconda3/lib/python3.12/site-packages/ipykernel_launcher.py,felixwissel,FINISHED,2024-06-15_17-44-28_unscaled_+Total_Purchases+Store+Catalog+Online.csv,1.0250000000000001,"Index(['ID', 'Income', 'Dt_Customer', 'Recency', 'MntWines', 'MntFruits',
       'MntMeatProducts', 'MntFishProducts', 'MntSweetProducts',
       'MntGoldProds', 'NumDealsPurchases', 'NumWebPurchases',
       'NumCatalogPurchases', 'NumStorePurchases', 'NumWebVisitsMonth',
       'Complain', 'Age', 'Marital_Categories', 'Edu_Categories',
       'Spent_Total', 'Living_Alone', 'Having_Kids', 'AcceptedOffer',
       'Total_Purchases'],
      dtype='object')",,48,2.850760476535869,3,0.2901311545975153,dbscan
2024-06-15 18:41:10,57ms,331ce09483be43f18dc0624c79fe210b,DBSCAN_eps=0.9750000000000001_min_samples=48_n_clusters=5_scaled,LOCAL,/Users/felixwissel/miniconda3/lib/python3.12/site-packages/ipykernel_launcher.py,felixwissel,FINISHED,2024-06-15_17-44-28_unscaled_+Total_Purchases+Store+Catalog+Online.csv,0.9750000000000001,"Index(['ID', 'Income', 'Dt_Customer', 'Recency', 'MntWines', 'MntFruits',
       'MntMeatProducts', 'MntFishProducts', 'MntSweetProducts',
       'MntGoldProds', 'NumDealsPurchases', 'NumWebPurchases',
       'NumCatalogPurchases', 'NumStorePurchases', 'NumWebVisitsMonth',
       'Complain', 'Age', 'Marital_Categories', 'Edu_Categories',
       'Spent_Total', 'Living_Alone', 'Having_Kids', 'AcceptedOffer',
       'Total_Purchases'],
      dtype='object')",,48,2.337111903697031,5,0.2733999020348668,dbscan
2024-06-15 18:41:10,75ms,14dbe4d692194b0c92041eb2566d8e28,DBSCAN_eps=0.9500000000000001_min_samples=48_n_clusters=5_scaled,LOCAL,/Users/felixwissel/miniconda3/lib/python3.12/site-packages/ipykernel_launcher.py,felixwissel,FINISHED,2024-06-15_17-44-28_unscaled_+Total_Purchases+Store+Catalog+Online.csv,0.9500000000000001,"Index(['ID', 'Income', 'Dt_Customer', 'Recency', 'MntWines', 'MntFruits',
       'MntMeatProducts', 'MntFishProducts', 'MntSweetProducts',
       'MntGoldProds', 'NumDealsPurchases', 'NumWebPurchases',
       'NumCatalogPurchases', 'NumStorePurchases', 'NumWebVisitsMonth',
       'Complain', 'Age', 'Marital_Categories', 'Edu_Categories',
       'Spent_Total', 'Living_Alone', 'Having_Kids', 'AcceptedOffer',
       'Total_Purchases'],
      dtype='object')",,48,2.448099296221585,5,0.27061658072278066,dbscan
2024-06-15 18:41:10,83ms,36161dbe8be2453c9a301f1f463698ef,DBSCAN_eps=0.925_min_samples=48_n_clusters=5_scaled,LOCAL,/Users/felixwissel/miniconda3/lib/python3.12/site-packages/ipykernel_launcher.py,felixwissel,FINISHED,2024-06-15_17-44-28_unscaled_+Total_Purchases+Store+Catalog+Online.csv,0.925,"Index(['ID', 'Income', 'Dt_Customer', 'Recency', 'MntWines', 'MntFruits',
       'MntMeatProducts', 'MntFishProducts', 'MntSweetProducts',
       'MntGoldProds', 'NumDealsPurchases', 'NumWebPurchases',
       'NumCatalogPurchases', 'NumStorePurchases', 'NumWebVisitsMonth',
       'Complain', 'Age', 'Marital_Categories', 'Edu_Categories',
       'Spent_Total', 'Living_Alone', 'Having_Kids', 'AcceptedOffer',
       'Total_Purchases'],
      dtype='object')",,48,2.453067963025119,5,0.2658345933669677,dbscan
2024-06-15 18:41:09,73ms,65132e7f17494638b4bb496145a1c8bd,DBSCAN_eps=0.9_min_samples=48_n_clusters=5_scaled,LOCAL,/Users/felixwissel/miniconda3/lib/python3.12/site-packages/ipykernel_launcher.py,felixwissel,FINISHED,2024-06-15_17-44-28_unscaled_+Total_Purchases+Store+Catalog+Online.csv,0.9,"Index(['ID', 'Income', 'Dt_Customer', 'Recency', 'MntWines', 'MntFruits',
       'MntMeatProducts', 'MntFishProducts', 'MntSweetProducts',
       'MntGoldProds', 'NumDealsPurchases', 'NumWebPurchases',
       'NumCatalogPurchases', 'NumStorePurchases', 'NumWebVisitsMonth',
       'Complain', 'Age', 'Marital_Categories', 'Edu_Categories',
       'Spent_Total', 'Living_Alone', 'Having_Kids', 'AcceptedOffer',
       'Total_Purchases'],
      dtype='object')",,48,2.396965569657199,5,0.26077390350929897,dbscan
2024-06-15 18:36:50,93ms,d175a665feea429da9f95dd521a97681,DBSCAN_eps=1.2000000000000002_min_samples=48_n_clusters=3_scaled,LOCAL,/Users/felixwissel/miniconda3/lib/python3.12/site-packages/ipykernel_launcher.py,felixwissel,FINISHED,2024-06-15_17-44-28_unscaled_+Total_Purchases+Store+Catalog+Online.csv,1.2000000000000002,"Index(['ID', 'Income', 'Dt_Customer', 'Recency', 'MntWines', 'MntFruits',
       'MntMeatProducts', 'MntFishProducts', 'MntSweetProducts',
       'MntGoldProds', 'NumDealsPurchases', 'NumWebPurchases',
       'NumCatalogPurchases', 'NumStorePurchases', 'NumWebVisitsMonth',
       'Complain', 'Age', 'Marital_Categories', 'Edu_Categories',
       'Spent_Total', 'Living_Alone', 'Having_Kids', 'AcceptedOffer',
       'Total_Purchases'],
      dtype='object')",,48,1.6905682474155619,3,0.32520917542778743,dbscan
2024-06-15 18:36:50,65ms,0d32ca0b0d684fb3899ec6fe57989871,DBSCAN_eps=1.1_min_samples=48_n_clusters=3_scaled,LOCAL,/Users/felixwissel/miniconda3/lib/python3.12/site-packages/ipykernel_launcher.py,felixwissel,FINISHED,2024-06-15_17-44-28_unscaled_+Total_Purchases+Store+Catalog+Online.csv,1.1,"Index(['ID', 'Income', 'Dt_Customer', 'Recency', 'MntWines', 'MntFruits',
       'MntMeatProducts', 'MntFishProducts', 'MntSweetProducts',
       'MntGoldProds', 'NumDealsPurchases', 'NumWebPurchases',
       'NumCatalogPurchases', 'NumStorePurchases', 'NumWebVisitsMonth',
       'Complain', 'Age', 'Marital_Categories', 'Edu_Categories',
       'Spent_Total', 'Living_Alone', 'Having_Kids', 'AcceptedOffer',
       'Total_Purchases'],
      dtype='object')",,48,2.541403750215002,3,0.32045664164924115,dbscan
2024-06-15 18:36:50,62ms,7db9f643db88484d8e95716c92776083,DBSCAN_eps=1.0_min_samples=48_n_clusters=5_scaled,LOCAL,/Users/felixwissel/miniconda3/lib/python3.12/site-packages/ipykernel_launcher.py,felixwissel,FINISHED,2024-06-15_17-44-28_unscaled_+Total_Purchases+Store+Catalog+Online.csv,1.0,"Index(['ID', 'Income', 'Dt_Customer', 'Recency', 'MntWines', 'MntFruits',
       'MntMeatProducts', 'MntFishProducts', 'MntSweetProducts',
       'MntGoldProds', 'NumDealsPurchases', 'NumWebPurchases',
       'NumCatalogPurchases', 'NumStorePurchases', 'NumWebVisitsMonth',
       'Complain', 'Age', 'Marital_Categories', 'Edu_Categories',
       'Spent_Total', 'Living_Alone', 'Having_Kids', 'AcceptedOffer',
       'Total_Purchases'],
      dtype='object')",,48,2.2015330828636146,5,0.27442948931996697,dbscan
2024-06-15 17:58:44,51ms,8ed275d7a81e4d0da6282d6074ef04dc,k_means k=6_scaled,LOCAL,/Users/felixwissel/miniconda3/lib/python3.12/site-packages/ipykernel_launcher.py,felixwissel,FINISHED,2024-06-15_17-44-28_unscaled_+Total_Purchases+Store+Catalog+Online.csv,,"Index(['ID', 'Income', 'Dt_Customer', 'Recency', 'MntWines', 'MntFruits',
       'MntMeatProducts', 'MntFishProducts', 'MntSweetProducts',
       'MntGoldProds', 'NumDealsPurchases', 'NumWebPurchases',
       'NumCatalogPurchases', 'NumStorePurchases', 'NumWebVisitsMonth',
       'Complain', 'Age', 'Marital_Categories', 'Edu_Categories',
       'Spent_Total', 'Living_Alone', 'Having_Kids', 'AcceptedOffer',
       'Total_Purchases'],
      dtype='object')",6,,1.5555464075466592,,0.2518301314617841,KMeans
2024-06-15 17:58:44,61ms,1a809d524c134d839e1e33b7387efcad,k_means k=5_scaled,LOCAL,/Users/felixwissel/miniconda3/lib/python3.12/site-packages/ipykernel_launcher.py,felixwissel,FINISHED,2024-06-15_17-44-28_unscaled_+Total_Purchases+Store+Catalog+Online.csv,,"Index(['ID', 'Income', 'Dt_Customer', 'Recency', 'MntWines', 'MntFruits',
       'MntMeatProducts', 'MntFishProducts', 'MntSweetProducts',
       'MntGoldProds', 'NumDealsPurchases', 'NumWebPurchases',
       'NumCatalogPurchases', 'NumStorePurchases', 'NumWebVisitsMonth',
       'Complain', 'Age', 'Marital_Categories', 'Edu_Categories',
       'Spent_Total', 'Living_Alone', 'Having_Kids', 'AcceptedOffer',
       'Total_Purchases'],
      dtype='object')",5,,1.474158129548328,,0.24399088014855502,KMeans
2024-06-15 17:58:44,57ms,e9d473c074e4439586602153f1e1f759,k_means k=4_scaled,LOCAL,/Users/felixwissel/miniconda3/lib/python3.12/site-packages/ipykernel_launcher.py,felixwissel,FINISHED,2024-06-15_17-44-28_unscaled_+Total_Purchases+Store+Catalog+Online.csv,,"Index(['ID', 'Income', 'Dt_Customer', 'Recency', 'MntWines', 'MntFruits',
       'MntMeatProducts', 'MntFishProducts', 'MntSweetProducts',
       'MntGoldProds', 'NumDealsPurchases', 'NumWebPurchases',
       'NumCatalogPurchases', 'NumStorePurchases', 'NumWebVisitsMonth',
       'Complain', 'Age', 'Marital_Categories', 'Edu_Categories',
       'Spent_Total', 'Living_Alone', 'Having_Kids', 'AcceptedOffer',
       'Total_Purchases'],
      dtype='object')",4,,1.4131528816502263,,0.27329003319897366,KMeans
2024-06-10 17:01:28,61ms,36f97b876b0b4ade8ae278150cc14e82,k_means k=6_scaled,LOCAL,/Users/felixwissel/miniconda3/lib/python3.12/site-packages/ipykernel_launcher.py,felixwissel,FINISHED,2024-06-10_16-59-33_unscaled_RecreateBest.csv,,"Index(['ID', 'Income', 'Dt_Customer', 'Recency', 'MntWines', 'MntFruits',
       'MntMeatProducts', 'MntFishProducts', 'MntSweetProducts',
       'MntGoldProds', 'NumDealsPurchases', 'NumWebPurchases',
       'NumCatalogPurchases', 'NumStorePurchases', 'NumWebVisitsMonth',
       'AcceptedCmp3', 'AcceptedCmp4', 'AcceptedCmp5', 'AcceptedCmp1',
       'AcceptedCmp2', 'Complain', 'Response', 'Age', 'Marital_Categories',
       'Edu_Categories', 'Spent_Total', 'Living_Alone', 'Having_Kids',
       'AcceptedOffer'],
      dtype='object')",6,,1.7679232822236453,,0.18517258687548369,KMeans
2024-06-10 17:01:28,64ms,2d521a231abb470db14e1d831dc17116,k_means k=5_scaled,LOCAL,/Users/felixwissel/miniconda3/lib/python3.12/site-packages/ipykernel_launcher.py,felixwissel,FINISHED,2024-06-10_16-59-33_unscaled_RecreateBest.csv,,"Index(['ID', 'Income', 'Dt_Customer', 'Recency', 'MntWines', 'MntFruits',
       'MntMeatProducts', 'MntFishProducts', 'MntSweetProducts',
       'MntGoldProds', 'NumDealsPurchases', 'NumWebPurchases',
       'NumCatalogPurchases', 'NumStorePurchases', 'NumWebVisitsMonth',
       'AcceptedCmp3', 'AcceptedCmp4', 'AcceptedCmp5', 'AcceptedCmp1',
       'AcceptedCmp2', 'Complain', 'Response', 'Age', 'Marital_Categories',
       'Edu_Categories', 'Spent_Total', 'Living_Alone', 'Having_Kids',
       'AcceptedOffer'],
      dtype='object')",5,,1.5873529549315726,,0.23400211465485032,KMeans
2024-06-10 17:01:28,72ms,dae95f2f58844564bfcc9863b4b5ed8d,k_means k=4_scaled,LOCAL,/Users/felixwissel/miniconda3/lib/python3.12/site-packages/ipykernel_launcher.py,felixwissel,FINISHED,2024-06-10_16-59-33_unscaled_RecreateBest.csv,,"Index(['ID', 'Income', 'Dt_Customer', 'Recency', 'MntWines', 'MntFruits',
       'MntMeatProducts', 'MntFishProducts', 'MntSweetProducts',
       'MntGoldProds', 'NumDealsPurchases', 'NumWebPurchases',
       'NumCatalogPurchases', 'NumStorePurchases', 'NumWebVisitsMonth',
       'AcceptedCmp3', 'AcceptedCmp4', 'AcceptedCmp5', 'AcceptedCmp1',
       'AcceptedCmp2', 'Complain', 'Response', 'Age', 'Marital_Categories',
       'Edu_Categories', 'Spent_Total', 'Living_Alone', 'Having_Kids',
       'AcceptedOffer'],
      dtype='object')",4,,1.8080979833955697,,0.20421055597846946,KMeans
2024-06-10 16:53:02,55ms,fe391fbd75c34efb9920eef46813cbb3,k_means k=6_scaled,LOCAL,/Users/felixwissel/miniconda3/lib/python3.12/site-packages/ipykernel_launcher.py,felixwissel,FINISHED,2024-06-10_16-51-41_unscaled_#LivingAloneAsNum-HavingKids.csv,,"Index(['ID', 'Income', 'Dt_Customer', 'Recency', 'MntWines', 'MntFruits',
       'MntMeatProducts', 'MntFishProducts', 'MntSweetProducts',
       'MntGoldProds', 'NumDealsPurchases', 'NumWebPurchases',
       'NumCatalogPurchases', 'NumStorePurchases', 'NumWebVisitsMonth',
       'AcceptedCmp3', 'AcceptedCmp4', 'AcceptedCmp5', 'AcceptedCmp1',
       'AcceptedCmp2', 'Complain', 'Response', 'Age', 'Marital_Categories',
       'Edu_Categories', 'Spent_Total', 'Living_Alone', 'AcceptedOffer'],
      dtype='object')",6,,1.7609375062587551,,0.2005747161957759,KMeans
2024-06-10 16:53:02,56ms,668deafb4eee4599a977a41ebe05eace,k_means k=5_scaled,LOCAL,/Users/felixwissel/miniconda3/lib/python3.12/site-packages/ipykernel_launcher.py,felixwissel,FINISHED,2024-06-10_16-51-41_unscaled_#LivingAloneAsNum-HavingKids.csv,,"Index(['ID', 'Income', 'Dt_Customer', 'Recency', 'MntWines', 'MntFruits',
       'MntMeatProducts', 'MntFishProducts', 'MntSweetProducts',
       'MntGoldProds', 'NumDealsPurchases', 'NumWebPurchases',
       'NumCatalogPurchases', 'NumStorePurchases', 'NumWebVisitsMonth',
       'AcceptedCmp3', 'AcceptedCmp4', 'AcceptedCmp5', 'AcceptedCmp1',
       'AcceptedCmp2', 'Complain', 'Response', 'Age', 'Marital_Categories',
       'Edu_Categories', 'Spent_Total', 'Living_Alone', 'AcceptedOffer'],
      dtype='object')",5,,1.8958981021225145,,0.19664242226992953,KMeans
2024-06-10 16:53:02,51ms,1f1b45b9381e41c4b4e193283493a4fb,k_means k=4_scaled,LOCAL,/Users/felixwissel/miniconda3/lib/python3.12/site-packages/ipykernel_launcher.py,felixwissel,FINISHED,2024-06-10_16-51-41_unscaled_#LivingAloneAsNum-HavingKids.csv,,"Index(['ID', 'Income', 'Dt_Customer', 'Recency', 'MntWines', 'MntFruits',
       'MntMeatProducts', 'MntFishProducts', 'MntSweetProducts',
       'MntGoldProds', 'NumDealsPurchases', 'NumWebPurchases',
       'NumCatalogPurchases', 'NumStorePurchases', 'NumWebVisitsMonth',
       'AcceptedCmp3', 'AcceptedCmp4', 'AcceptedCmp5', 'AcceptedCmp1',
       'AcceptedCmp2', 'Complain', 'Response', 'Age', 'Marital_Categories',
       'Edu_Categories', 'Spent_Total', 'Living_Alone', 'AcceptedOffer'],
      dtype='object')",4,,1.8121602701630917,,0.1989741595788874,KMeans
2024-06-10 16:47:10,65ms,d546a4ba81924efd99af17117e145bcb,k_means k=6_scaled,LOCAL,/Users/felixwissel/miniconda3/lib/python3.12/site-packages/ipykernel_launcher.py,felixwissel,FINISHED,2024-06-10_16-41-40_unscaled_+Teenhome+Kidhome-LivingAlone.csv,,"Index(['ID', 'Income', 'Kidhome', 'Teenhome', 'Dt_Customer', 'Recency',
       'MntWines', 'MntFruits', 'MntMeatProducts', 'MntFishProducts',
       'MntSweetProducts', 'MntGoldProds', 'NumDealsPurchases',
       'NumWebPurchases', 'NumCatalogPurchases', 'NumStorePurchases',
       'NumWebVisitsMonth', 'AcceptedCmp3', 'AcceptedCmp4', 'AcceptedCmp5',
       'AcceptedCmp1', 'AcceptedCmp2', 'Complain', 'Response', 'Age',
       'Marital_Categories', 'Edu_Categories', 'Spent_Total', 'AcceptedOffer'],
      dtype='object')",6,,2.0988330774752835,,0.14307056945673136,KMeans
2024-06-10 16:47:10,77ms,8c9be992c13f4f3baaba14577262f0ea,k_means k=5_scaled,LOCAL,/Users/felixwissel/miniconda3/lib/python3.12/site-packages/ipykernel_launcher.py,felixwissel,FINISHED,2024-06-10_16-41-40_unscaled_+Teenhome+Kidhome-LivingAlone.csv,,"Index(['ID', 'Income', 'Kidhome', 'Teenhome', 'Dt_Customer', 'Recency',
       'MntWines', 'MntFruits', 'MntMeatProducts', 'MntFishProducts',
       'MntSweetProducts', 'MntGoldProds', 'NumDealsPurchases',
       'NumWebPurchases', 'NumCatalogPurchases', 'NumStorePurchases',
       'NumWebVisitsMonth', 'AcceptedCmp3', 'AcceptedCmp4', 'AcceptedCmp5',
       'AcceptedCmp1', 'AcceptedCmp2', 'Complain', 'Response', 'Age',
       'Marital_Categories', 'Edu_Categories', 'Spent_Total', 'AcceptedOffer'],
      dtype='object')",5,,2.068441329315673,,0.12788020450015386,KMeans
2024-06-10 16:47:10,57ms,0d30f918b5a64bdfb96a327a6fa412d4,k_means k=4_scaled,LOCAL,/Users/felixwissel/miniconda3/lib/python3.12/site-packages/ipykernel_launcher.py,felixwissel,FINISHED,2024-06-10_16-41-40_unscaled_+Teenhome+Kidhome-LivingAlone.csv,,"Index(['ID', 'Income', 'Kidhome', 'Teenhome', 'Dt_Customer', 'Recency',
       'MntWines', 'MntFruits', 'MntMeatProducts', 'MntFishProducts',
       'MntSweetProducts', 'MntGoldProds', 'NumDealsPurchases',
       'NumWebPurchases', 'NumCatalogPurchases', 'NumStorePurchases',
       'NumWebVisitsMonth', 'AcceptedCmp3', 'AcceptedCmp4', 'AcceptedCmp5',
       'AcceptedCmp1', 'AcceptedCmp2', 'Complain', 'Response', 'Age',
       'Marital_Categories', 'Edu_Categories', 'Spent_Total', 'AcceptedOffer'],
      dtype='object')",4,,1.871614706841104,,0.16916865923857638,KMeans
2024-06-10 16:46:22,54ms,9bc8c99a5aad46ce8c64d9213f62a5ff,k_means k=6_scaled,LOCAL,/Users/felixwissel/miniconda3/lib/python3.12/site-packages/ipykernel_launcher.py,felixwissel,FINISHED,2024-06-10_16-30-47_unscaled_+Teenhome+Kidhome+LivingAlone.csv,,"Index(['ID', 'Income', 'Kidhome', 'Teenhome', 'Dt_Customer', 'Recency',
       'MntWines', 'MntFruits', 'MntMeatProducts', 'MntFishProducts',
       'MntSweetProducts', 'MntGoldProds', 'NumDealsPurchases',
       'NumWebPurchases', 'NumCatalogPurchases', 'NumStorePurchases',
       'NumWebVisitsMonth', 'AcceptedCmp3', 'AcceptedCmp4', 'AcceptedCmp5',
       'AcceptedCmp1', 'AcceptedCmp2', 'Complain', 'Response', 'Age',
       'Marital_Categories', 'Edu_Categories', 'Spent_Total', 'Living_Alone',
       'AcceptedOffer'],
      dtype='object')",6,,1.974106141903829,,0.14237219642319907,KMeans
2024-06-10 16:46:22,53ms,6f7558b9c9fc4ccea48f17d5bc562704,k_means k=5_scaled,LOCAL,/Users/felixwissel/miniconda3/lib/python3.12/site-packages/ipykernel_launcher.py,felixwissel,FINISHED,2024-06-10_16-30-47_unscaled_+Teenhome+Kidhome+LivingAlone.csv,,"Index(['ID', 'Income', 'Kidhome', 'Teenhome', 'Dt_Customer', 'Recency',
       'MntWines', 'MntFruits', 'MntMeatProducts', 'MntFishProducts',
       'MntSweetProducts', 'MntGoldProds', 'NumDealsPurchases',
       'NumWebPurchases', 'NumCatalogPurchases', 'NumStorePurchases',
       'NumWebVisitsMonth', 'AcceptedCmp3', 'AcceptedCmp4', 'AcceptedCmp5',
       'AcceptedCmp1', 'AcceptedCmp2', 'Complain', 'Response', 'Age',
       'Marital_Categories', 'Edu_Categories', 'Spent_Total', 'Living_Alone',
       'AcceptedOffer'],
      dtype='object')",5,,1.7728688783431508,,0.1853350574446372,KMeans
2024-06-10 16:46:21,48ms,83de78abdc88427aabf27ea0d2e77ac5,k_means k=4_scaled,LOCAL,/Users/felixwissel/miniconda3/lib/python3.12/site-packages/ipykernel_launcher.py,felixwissel,FINISHED,2024-06-10_16-30-47_unscaled_+Teenhome+Kidhome+LivingAlone.csv,,"Index(['ID', 'Income', 'Kidhome', 'Teenhome', 'Dt_Customer', 'Recency',
       'MntWines', 'MntFruits', 'MntMeatProducts', 'MntFishProducts',
       'MntSweetProducts', 'MntGoldProds', 'NumDealsPurchases',
       'NumWebPurchases', 'NumCatalogPurchases', 'NumStorePurchases',
       'NumWebVisitsMonth', 'AcceptedCmp3', 'AcceptedCmp4', 'AcceptedCmp5',
       'AcceptedCmp1', 'AcceptedCmp2', 'Complain', 'Response', 'Age',
       'Marital_Categories', 'Edu_Categories', 'Spent_Total', 'Living_Alone',
       'AcceptedOffer'],
      dtype='object')",4,,1.8405998226717262,,0.18187498644496605,KMeans
2024-06-07 21:24:50,51ms,2aece1627b1a43358b9c4b18267aee2a,k_means k=6_scaled,LOCAL,/Users/felixwissel/miniconda3/lib/python3.12/site-packages/ipykernel_launcher.py,felixwissel,FINISHED,2024-06-07_21-16-00_unscaled_AcceptedOffer_Age90_SpentTotalOutliers.csv,,"Index(['ID', 'Income', 'Dt_Customer', 'Recency', 'MntWines', 'MntFruits',
       'MntMeatProducts', 'MntFishProducts', 'MntSweetProducts',
       'MntGoldProds', 'NumDealsPurchases', 'NumWebPurchases',
       'NumCatalogPurchases', 'NumStorePurchases', 'NumWebVisitsMonth',
       'AcceptedCmp3', 'AcceptedCmp4', 'AcceptedCmp5', 'AcceptedCmp1',
       'AcceptedCmp2', 'Complain', 'Response', 'Age', 'Marital_Categories',
       'Edu_Categories', 'Spent_Total', 'Living_Alone', 'Having_Kids',
       'AcceptedOffer'],
      dtype='object')",6,,1.776566009219042,,0.1909995787290986,KMeans
2024-06-07 21:24:49,55ms,2629f447d7ac498e8dd711c3a0726c28,k_means k=5_scaled,LOCAL,/Users/felixwissel/miniconda3/lib/python3.12/site-packages/ipykernel_launcher.py,felixwissel,FINISHED,2024-06-07_21-16-00_unscaled_AcceptedOffer_Age90_SpentTotalOutliers.csv,,"Index(['ID', 'Income', 'Dt_Customer', 'Recency', 'MntWines', 'MntFruits',
       'MntMeatProducts', 'MntFishProducts', 'MntSweetProducts',
       'MntGoldProds', 'NumDealsPurchases', 'NumWebPurchases',
       'NumCatalogPurchases', 'NumStorePurchases', 'NumWebVisitsMonth',
       'AcceptedCmp3', 'AcceptedCmp4', 'AcceptedCmp5', 'AcceptedCmp1',
       'AcceptedCmp2', 'Complain', 'Response', 'Age', 'Marital_Categories',
       'Edu_Categories', 'Spent_Total', 'Living_Alone', 'Having_Kids',
       'AcceptedOffer'],
      dtype='object')",5,,1.6229668936887673,,0.22411924982670522,KMeans
2024-06-07 21:24:49,49ms,aa9534279651483297d61c502131d413,k_means k=4_scaled,LOCAL,/Users/felixwissel/miniconda3/lib/python3.12/site-packages/ipykernel_launcher.py,felixwissel,FINISHED,2024-06-07_21-16-00_unscaled_AcceptedOffer_Age90_SpentTotalOutliers.csv,,"Index(['ID', 'Income', 'Dt_Customer', 'Recency', 'MntWines', 'MntFruits',
       'MntMeatProducts', 'MntFishProducts', 'MntSweetProducts',
       'MntGoldProds', 'NumDealsPurchases', 'NumWebPurchases',
       'NumCatalogPurchases', 'NumStorePurchases', 'NumWebVisitsMonth',
       'AcceptedCmp3', 'AcceptedCmp4', 'AcceptedCmp5', 'AcceptedCmp1',
       'AcceptedCmp2', 'Complain', 'Response', 'Age', 'Marital_Categories',
       'Edu_Categories', 'Spent_Total', 'Living_Alone', 'Having_Kids',
       'AcceptedOffer'],
      dtype='object')",4,,1.6926206141169837,,0.2219326801025276,KMeans
2024-06-07 09:54:55,58ms,964246707811483e8209f89e340798eb,k_means k=6_scaled,LOCAL,/Users/felixwissel/miniconda3/lib/python3.12/site-packages/ipykernel_launcher.py,felixwissel,FINISHED,2024-06-07_09-52-33_unscaled_IncomeIQR_AcceptedOffer_Age90.csv,,"Index(['ID', 'Income', 'Dt_Customer', 'Recency', 'MntWines', 'MntFruits',
       'MntMeatProducts', 'MntFishProducts', 'MntSweetProducts',
       'MntGoldProds', 'NumDealsPurchases', 'NumWebPurchases',
       'NumCatalogPurchases', 'NumStorePurchases', 'NumWebVisitsMonth',
       'AcceptedCmp3', 'AcceptedCmp4', 'AcceptedCmp5', 'AcceptedCmp1',
       'AcceptedCmp2', 'Complain', 'Response', 'Age', 'Marital_Categories',
       'Edu_Categories', 'Spent_Total', 'Living_Alone', 'Having_Kids',
       'AcceptedOffer'],
      dtype='object')",6,,2.040717586552669,,0.1814592738430193,KMeans
2024-06-07 09:54:55,55ms,d72f6053fa93481d8b49ddbb56049dc2,k_means k=5_scaled,LOCAL,/Users/felixwissel/miniconda3/lib/python3.12/site-packages/ipykernel_launcher.py,felixwissel,FINISHED,2024-06-07_09-52-33_unscaled_IncomeIQR_AcceptedOffer_Age90.csv,,"Index(['ID', 'Income', 'Dt_Customer', 'Recency', 'MntWines', 'MntFruits',
       'MntMeatProducts', 'MntFishProducts', 'MntSweetProducts',
       'MntGoldProds', 'NumDealsPurchases', 'NumWebPurchases',
       'NumCatalogPurchases', 'NumStorePurchases', 'NumWebVisitsMonth',
       'AcceptedCmp3', 'AcceptedCmp4', 'AcceptedCmp5', 'AcceptedCmp1',
       'AcceptedCmp2', 'Complain', 'Response', 'Age', 'Marital_Categories',
       'Edu_Categories', 'Spent_Total', 'Living_Alone', 'Having_Kids',
       'AcceptedOffer'],
      dtype='object')",5,,1.9336596020605987,,0.17246646579386238,KMeans
2024-06-07 09:54:55,77ms,63e6c9cbf03a4b4a86f9a9dd059b998c,k_means k=4_scaled,LOCAL,/Users/felixwissel/miniconda3/lib/python3.12/site-packages/ipykernel_launcher.py,felixwissel,FINISHED,2024-06-07_09-52-33_unscaled_IncomeIQR_AcceptedOffer_Age90.csv,,"Index(['ID', 'Income', 'Dt_Customer', 'Recency', 'MntWines', 'MntFruits',
       'MntMeatProducts', 'MntFishProducts', 'MntSweetProducts',
       'MntGoldProds', 'NumDealsPurchases', 'NumWebPurchases',
       'NumCatalogPurchases', 'NumStorePurchases', 'NumWebVisitsMonth',
       'AcceptedCmp3', 'AcceptedCmp4', 'AcceptedCmp5', 'AcceptedCmp1',
       'AcceptedCmp2', 'Complain', 'Response', 'Age', 'Marital_Categories',
       'Edu_Categories', 'Spent_Total', 'Living_Alone', 'Having_Kids',
       'AcceptedOffer'],
      dtype='object')",4,,1.822697536473811,,0.2039163072919859,KMeans
2024-06-07 09:42:21,53ms,89d44780427140548a032b8d1b3512f2,k_means k=6_scaled,LOCAL,/Users/felixwissel/miniconda3/lib/python3.12/site-packages/ipykernel_launcher.py,felixwissel,FINISHED,all_features_noAgeRestriction.csv,,"Index(['ID', 'Income', 'Dt_Customer', 'Recency', 'MntWines', 'MntFruits',
       'MntMeatProducts', 'MntFishProducts', 'MntSweetProducts',
       'MntGoldProds', 'NumDealsPurchases', 'NumWebPurchases',
       'NumCatalogPurchases', 'NumStorePurchases', 'NumWebVisitsMonth',
       'AcceptedCmp3', 'AcceptedCmp4', 'AcceptedCmp5', 'AcceptedCmp1',
       'AcceptedCmp2', 'Complain', 'Response', 'Age', 'Marital_Categories',
       'Edu_Categories', 'Spent_Total', 'Living_Alone', 'Having_Kids'],
      dtype='object')",6,,1.8822413007564958,,0.19556752612464723,KMeans
2024-06-07 09:42:20,58ms,3ed81ec8137448f59eab9b7f8d311c90,k_means k=5_scaled,LOCAL,/Users/felixwissel/miniconda3/lib/python3.12/site-packages/ipykernel_launcher.py,felixwissel,FINISHED,all_features_noAgeRestriction.csv,,"Index(['ID', 'Income', 'Dt_Customer', 'Recency', 'MntWines', 'MntFruits',
       'MntMeatProducts', 'MntFishProducts', 'MntSweetProducts',
       'MntGoldProds', 'NumDealsPurchases', 'NumWebPurchases',
       'NumCatalogPurchases', 'NumStorePurchases', 'NumWebVisitsMonth',
       'AcceptedCmp3', 'AcceptedCmp4', 'AcceptedCmp5', 'AcceptedCmp1',
       'AcceptedCmp2', 'Complain', 'Response', 'Age', 'Marital_Categories',
       'Edu_Categories', 'Spent_Total', 'Living_Alone', 'Having_Kids'],
      dtype='object')",5,,1.710248373923066,,0.2283052492131696,KMeans
2024-06-07 09:42:20,62ms,fc896728d42244269606edd04d77a349,k_means k=4_scaled,LOCAL,/Users/felixwissel/miniconda3/lib/python3.12/site-packages/ipykernel_launcher.py,felixwissel,FINISHED,all_features_noAgeRestriction.csv,,"Index(['ID', 'Income', 'Dt_Customer', 'Recency', 'MntWines', 'MntFruits',
       'MntMeatProducts', 'MntFishProducts', 'MntSweetProducts',
       'MntGoldProds', 'NumDealsPurchases', 'NumWebPurchases',
       'NumCatalogPurchases', 'NumStorePurchases', 'NumWebVisitsMonth',
       'AcceptedCmp3', 'AcceptedCmp4', 'AcceptedCmp5', 'AcceptedCmp1',
       'AcceptedCmp2', 'Complain', 'Response', 'Age', 'Marital_Categories',
       'Edu_Categories', 'Spent_Total', 'Living_Alone', 'Having_Kids'],
      dtype='object')",4,,1.6467130598787687,,0.22814559658187172,KMeans
2024-06-07 09:37:10,73ms,f32b371e198c4581bcf5dcc356e96c30,k_means k=6_scaled,LOCAL,/Users/felixwissel/miniconda3/lib/python3.12/site-packages/ipykernel_launcher.py,felixwissel,FINISHED,2024-06-07_09-31-57_unscaled_allFeature_mitOffers.csv,,"Index(['ID', 'Income', 'Dt_Customer', 'Recency', 'MntWines', 'MntFruits',
       'MntMeatProducts', 'MntFishProducts', 'MntSweetProducts',
       'MntGoldProds', 'NumDealsPurchases', 'NumWebPurchases',
       'NumCatalogPurchases', 'NumStorePurchases', 'NumWebVisitsMonth',
       'AcceptedCmp3', 'AcceptedCmp4', 'AcceptedCmp5', 'AcceptedCmp1',
       'AcceptedCmp2', 'Complain', 'Response', 'Age', 'Marital_Categories',
       'Edu_Categories', 'Spent_Total', 'Living_Alone', 'Having_Kids'],
      dtype='object')",6,,1.7652777160335793,,0.18934884470120456,KMeans
2024-06-07 09:37:10,51ms,e0bb2c2407374314a0beca2ccbccc76d,k_means k=5_scaled,LOCAL,/Users/felixwissel/miniconda3/lib/python3.12/site-packages/ipykernel_launcher.py,felixwissel,FINISHED,2024-06-07_09-31-57_unscaled_allFeature_mitOffers.csv,,"Index(['ID', 'Income', 'Dt_Customer', 'Recency', 'MntWines', 'MntFruits',
       'MntMeatProducts', 'MntFishProducts', 'MntSweetProducts',
       'MntGoldProds', 'NumDealsPurchases', 'NumWebPurchases',
       'NumCatalogPurchases', 'NumStorePurchases', 'NumWebVisitsMonth',
       'AcceptedCmp3', 'AcceptedCmp4', 'AcceptedCmp5', 'AcceptedCmp1',
       'AcceptedCmp2', 'Complain', 'Response', 'Age', 'Marital_Categories',
       'Edu_Categories', 'Spent_Total', 'Living_Alone', 'Having_Kids'],
      dtype='object')",5,,1.701754859047714,,0.2271901483296853,KMeans
2024-06-07 09:37:10,56ms,d33cb6ce5fe043c8ba874754fef71d08,k_means k=4_scaled,LOCAL,/Users/felixwissel/miniconda3/lib/python3.12/site-packages/ipykernel_launcher.py,felixwissel,FINISHED,2024-06-07_09-31-57_unscaled_allFeature_mitOffers.csv,,"Index(['ID', 'Income', 'Dt_Customer', 'Recency', 'MntWines', 'MntFruits',
       'MntMeatProducts', 'MntFishProducts', 'MntSweetProducts',
       'MntGoldProds', 'NumDealsPurchases', 'NumWebPurchases',
       'NumCatalogPurchases', 'NumStorePurchases', 'NumWebVisitsMonth',
       'AcceptedCmp3', 'AcceptedCmp4', 'AcceptedCmp5', 'AcceptedCmp1',
       'AcceptedCmp2', 'Complain', 'Response', 'Age', 'Marital_Categories',
       'Edu_Categories', 'Spent_Total', 'Living_Alone', 'Having_Kids'],
      dtype='object')",4,,1.8902750186769661,,0.2055296411647878,KMeans
2024-06-05 18:58:11,62ms,a9d9287240a145ada507717d225d5769,k_means k=6_scaled,LOCAL,/Users/felixwissel/miniconda3/lib/python3.12/site-packages/ipykernel_launcher.py,felixwissel,FINISHED,2024-06-05_18-44-19_unscaled_allFeature.csv,,"Index(['ID', 'Income', 'Dt_Customer', 'Recency', 'MntWines', 'MntFruits',
       'MntMeatProducts', 'MntFishProducts', 'MntSweetProducts',
       'MntGoldProds', 'NumDealsPurchases', 'NumWebPurchases',
       'NumCatalogPurchases', 'NumStorePurchases', 'NumWebVisitsMonth',
       'Complain', 'Age', 'Marital_Categories', 'Edu_Categories',
       'Spent_Total', 'Living_Alone', 'Having_Kids', 'AcceptedOffer'],
      dtype='object')",6,,1.6589489003385829,,0.19645321561832144,KMeans
2024-06-05 18:58:11,48ms,ec144ba445f142bba03235dfcbde91e6,k_means k=5_scaled,LOCAL,/Users/felixwissel/miniconda3/lib/python3.12/site-packages/ipykernel_launcher.py,felixwissel,FINISHED,2024-06-05_18-44-19_unscaled_allFeature.csv,,"Index(['ID', 'Income', 'Dt_Customer', 'Recency', 'MntWines', 'MntFruits',
       'MntMeatProducts', 'MntFishProducts', 'MntSweetProducts',
       'MntGoldProds', 'NumDealsPurchases', 'NumWebPurchases',
       'NumCatalogPurchases', 'NumStorePurchases', 'NumWebVisitsMonth',
       'Complain', 'Age', 'Marital_Categories', 'Edu_Categories',
       'Spent_Total', 'Living_Alone', 'Having_Kids', 'AcceptedOffer'],
      dtype='object')",5,,1.5429803310810808,,0.24659680929379835,KMeans
2024-06-05 18:58:11,54ms,447903a932a542eeb7280a2442ca0687,k_means k=4_scaled,LOCAL,/Users/felixwissel/miniconda3/lib/python3.12/site-packages/ipykernel_launcher.py,felixwissel,FINISHED,2024-06-05_18-44-19_unscaled_allFeature.csv,,"Index(['ID', 'Income', 'Dt_Customer', 'Recency', 'MntWines', 'MntFruits',
       'MntMeatProducts', 'MntFishProducts', 'MntSweetProducts',
       'MntGoldProds', 'NumDealsPurchases', 'NumWebPurchases',
       'NumCatalogPurchases', 'NumStorePurchases', 'NumWebVisitsMonth',
       'Complain', 'Age', 'Marital_Categories', 'Edu_Categories',
       'Spent_Total', 'Living_Alone', 'Having_Kids', 'AcceptedOffer'],
      dtype='object')",4,,1.635684114506858,,0.20456624449998873,KMeans
2024-06-05 18:54:59,50ms,2b7934f801314cb1b696e4f5d9ffcd6c,k_means k=6_scaled,LOCAL,/Users/felixwissel/miniconda3/lib/python3.12/site-packages/ipykernel_launcher.py,felixwissel,FINISHED,2024-06-05_15-21-13_unscaled_allFeature.csv,,"Index(['ID', 'Income', 'Dt_Customer', 'Recency', 'MntWines', 'MntFruits',
       'MntMeatProducts', 'MntFishProducts', 'MntSweetProducts',
       'MntGoldProds', 'NumDealsPurchases', 'NumWebPurchases',
       'NumCatalogPurchases', 'NumStorePurchases', 'NumWebVisitsMonth',
       'Complain', 'Age', 'Marital_Categories', 'Edu_Categories',
       'Spent_Total', 'Living_Alone', 'Having_Kids', 'AcceptedOffer'],
      dtype='object')",6,,1.665019884454151,,0.2470476476581392,KMeans
2024-06-05 18:54:59,57ms,0b1343abb9e74d37a4f029890977def2,k_means k=5_scaled,LOCAL,/Users/felixwissel/miniconda3/lib/python3.12/site-packages/ipykernel_launcher.py,felixwissel,FINISHED,2024-06-05_15-21-13_unscaled_allFeature.csv,,"Index(['ID', 'Income', 'Dt_Customer', 'Recency', 'MntWines', 'MntFruits',
       'MntMeatProducts', 'MntFishProducts', 'MntSweetProducts',
       'MntGoldProds', 'NumDealsPurchases', 'NumWebPurchases',
       'NumCatalogPurchases', 'NumStorePurchases', 'NumWebVisitsMonth',
       'Complain', 'Age', 'Marital_Categories', 'Edu_Categories',
       'Spent_Total', 'Living_Alone', 'Having_Kids', 'AcceptedOffer'],
      dtype='object')",5,,1.5262886949890049,,0.2561475516292516,KMeans
2024-06-05 18:54:59,69ms,15c2b6bd1cba40d0ae44c47673afcbfd,k_means k=4_scaled,LOCAL,/Users/felixwissel/miniconda3/lib/python3.12/site-packages/ipykernel_launcher.py,felixwissel,FINISHED,2024-06-05_15-21-13_unscaled_allFeature.csv,,"Index(['ID', 'Income', 'Dt_Customer', 'Recency', 'MntWines', 'MntFruits',
       'MntMeatProducts', 'MntFishProducts', 'MntSweetProducts',
       'MntGoldProds', 'NumDealsPurchases', 'NumWebPurchases',
       'NumCatalogPurchases', 'NumStorePurchases', 'NumWebVisitsMonth',
       'Complain', 'Age', 'Marital_Categories', 'Edu_Categories',
       'Spent_Total', 'Living_Alone', 'Having_Kids', 'AcceptedOffer'],
      dtype='object')",4,,1.3485438672173802,,0.29854685227312067,KMeans
